Writing Agent,Writing Agent NPN,NPN ,Insured,Account,Plan,Premium,Comm Schedule,Split,Payment,Type,Effective Date,Coverage Month,Policy State,Lives,Year,Market,Memo,Associated Statement
Kyunghee Kim,17414590,19011477,Chan Ho Kang,U96196170,ACA Plan - TX,0,20,1,40.00,Assignment,01/01/2025,08/01/2026,TX,2,Renewal,ACA,,TAAMB1901147720260918201522
Kyunghee Kim,17414590,19011477,Daejin Chang,UZ1647244,ACA Plan - TX,0,20,1,20.00,Assignment,01/01/2026,08/01/2026,TX,1,New,ACA,,TAAMB1901147720260918201522
Kyunghee Kim,17414590,19011477,Esther Lim,U94351744,ACA Plan - TX,0,20,1,20.00,Assignment,01/01/2025,08/01/2026,TX,1,Renewal,ACA,,TAAMB1901147720260918201522
Kyunghee Kim,17414590,19011477,Hanhee Chang,UZ1647245,ACA Plan - TX,0,20,1,20.00,Assignment,01/01/2026,08/01/2026,TX,1,New,ACA,,TAAMB1901147720260918201522
Kyunghee Kim,17414590,19011477,Hee Chung,U98179744,ACA Plan - TX,0,20,1,20.00,Assignment,01/01/2026,08/01/2026,TX,1,New,ACA,,TAAMB1901147720260918201522
Kyunghee Kim,17414590,19011477,In Yoo,UZ0098003,ACA Plan - TX,0,20,1,20.00,Assignment,01/01/2025,08/01/2026,TX,1,Renewal,ACA,,TAAMB1901147720260918201522
Kyunghee Kim,17414590,19011477,Ivy Kim,U91037452,ACA Plan - OK,0,25,1,25.00,Assignment,01/01/2026,08/01/2026,OK,1,New,ACA,,TAAMB1901147720260918201522
Kyunghee Kim,17414590,19011477,Kwangsu Kim,U72665320,ACA Plan - OK,0,25,1,50.00,Assignment,02/01/2025,08/01/2026,OK,2,Renewal,ACA,,TAAMB1901147720260918201522
Kyunghee Kim,17414590,19011477,Manhee Lee,U96850654,ACA Plan - TX,0,20,1,40.00,Assignment,01/01/2025,08/01/2026,TX,2,Renewal,ACA,,TAAMB1901147720260918201522
Kyunghee Kim,17414590,19011477,Sanghee Chang,U96213158,ACA Plan - TX,0,20,1,20.00,Assignment,01/01/2025,08/01/2026,TX,1,Renewal,ACA,,TAAMB1901147720260918201522
Kyunghee Kim,17414590,19011477,Sangho Lee,UZ1964985,ACA Plan - TX,0,20,1,80.00,Assignment,05/01/2026,08/01/2026,TX,4,New,ACA,,TAAMB1901147720260918201522
Kyunghee Kim,17414590,19011477,Se Kim,U91143520,ACA Plan - OK,0,25,1,50.00,Assignment,01/01/2026,08/01/2026,OK,2,New,ACA,,TAAMB1901147720260918201522
Kyunghee Kim,17414590,19011477,Seongmin Park,U96564432,ACA Plan - TX,0,20,1,20.00,Assignment,01/01/2025,08/01/2026,TX,1,Renewal,ACA,,TAAMB1901147720260918201522
Kyunghee Kim,17414590,19011477,Sujin Lim,UZ1647243,ACA Plan - TX,0,20,1,20.00,Assignment,01/01/2026,08/01/2026,TX,1,New,ACA,,TAAMB1901147720260918201522
Kyunghee Kim,17414590,19011477,Sun Mok Choi,U98736924,ACA Plan - TX,0,20,1,20.00,Assignment,01/01/2025,08/01/2026,TX,1,Renewal,ACA,,TAAMB1901147720260918201522
Kyunghee Kim,17414590,19011477,Sung Kim,U94139848,ACA Plan - TX,0,25,1,25.00,Assignment,04/01/2025,08/01/2026,TX,1,Renewal,ACA,,TAAMB1901147720260918201522
Kyunghee Kim,17414590,19011477,Young Jin Hur,UZ1529306,ACA Plan - TX,0,20,1,40.00,Assignment,01/01/2026,08/01/2026,TX,2,New,ACA,,TAAMB1901147720260918201522
