Producer ID,Producer Name,Compensation Period Start Date,Compensation Period End Date,General Compensation Type,Market Segment Name,Sales Type,Writing Agent Id,Writing Agent Name,Customer Id,Customer Name,Coverage Type,Bill Effective Date,Billed Premium,Paid Premium,Billed Subscriber Count,Adjustment Type,Issue State,Method,Rate,Split Percentage,Compensation Type,Business Type,Billed Fee Amount,Customer Paid Fee Amount,Paid Amount,Legacy Customer Number,Rate Adjustment Type Code
271038,"EVERGREEN F & I SERVICES, INC.",08/05/2026,08/18/2026,Base Commission And Service Fee Detail,Key Accounts/Major Accounts/Public Sector/Government,New Business,271039-01,"KIM, KYUNGHEE",1802545,Xarex International LLC,Med,08/01/2026,"$1,047.71 ","$1,047.71 ",1,V,TX,POP,10.00%,100%,COMM,Commercial,,,$104.77 ,,0
271038,"EVERGREEN F & I SERVICES, INC.",08/05/2026,08/18/2026,Base Commission And Service Fee Detail,Key Accounts/Major Accounts/Public Sector/Government,New Business,271039-01,"KIM, KYUNGHEE",1802545,Xarex International LLC,Den,08/01/2026,$61.75 ,$61.75 ,1,V,TX,POP,10.00%,100%,COMM,Commercial,,,$6.18 ,,0
271038,"EVERGREEN F & I SERVICES, INC.",08/05/2026,08/18/2026,Base Commission And Service Fee Detail,Key Accounts/Major Accounts/Public Sector/Government,New Business,271039-01,"KIM, KYUNGHEE",1802545,Xarex International LLC,Vis,08/01/2026,$10.87 ,$10.87 ,1,V,TX,POP,10.00%,100%,COMM,Commercial,,,$1.09 ,,0
271038,"EVERGREEN F & I SERVICES, INC.",08/05/2026,08/18/2026,Base Commission And Service Fee Detail,Key Accounts/Major Accounts/Public Sector/Government,New Business,271039-01,"KIM, KYUNGHEE",1802549,Xarex International LLC,Med,08/01/2026,"$1,476.31 ","$1,476.31 ",1,V,TX,POP,10.00%,100%,COMM,Commercial,,,$147.63 ,,0
271038,"EVERGREEN F & I SERVICES, INC.",08/05/2026,08/18/2026,Base Commission And Service Fee Detail,Key Accounts/Major Accounts/Public Sector/Government,New Business,271039-01,"KIM, KYUNGHEE",1802549,Xarex International LLC,Den,08/01/2026,$105.52 ,$105.52 ,1,V,TX,POP,10.00%,100%,COMM,Commercial,,,$10.55 ,,0
271038,"EVERGREEN F & I SERVICES, INC.",08/05/2026,08/18/2026,Base Commission And Service Fee Detail,Key Accounts/Major Accounts/Public Sector/Government,New Business,271039-01,"KIM, KYUNGHEE",1802549,Xarex International LLC,Vis,08/01/2026,$17.95 ,$17.95 ,1,V,TX,POP,10.00%,100%,COMM,Commercial,,,$1.80 ,,0
271038,"EVERGREEN F & I SERVICES, INC.",08/05/2026,08/18/2026,Base Commission And Service Fee Detail,Key Accounts/Major Accounts/Public Sector/Government,Renewal,271039-01,"KIM, KYUNGHEE",1679005,Oncosoft Inc,Med,08/01/2026,"$1,248.97 ","$1,248.97 ",1,V,TX,POP,10.00%,100%,COMM,Commercial,,,$124.90 ,,0
271038,"EVERGREEN F & I SERVICES, INC.",08/05/2026,08/18/2026,Base Commission And Service Fee Detail,Key Accounts/Major Accounts/Public Sector/Government,Renewal,271039-01,"KIM, KYUNGHEE",1679036,Oncosoft Inc,Med,08/01/2026,"$1,248.97 ","$1,248.97 ",1,V,TX,POP,10.00%,100%,COMM,Commercial,,,$124.90 ,,0
271038,"EVERGREEN F & I SERVICES, INC.",08/05/2026,08/18/2026,Base Commission And Service Fee Detail,Small Business,New Business,271039-01,"KIM, KYUNGHEE",1762339,Ari Collection Inc,Med,08/01/2026,$147.44 ,$147.44 ,2,V,TX,PEPM,$40.00 ,100%,FEE,Level Funded,$80.00 ,$80.00 ,$80.00 ,,0
271038,"EVERGREEN F & I SERVICES, INC.",08/05/2026,08/18/2026,Base Commission And Service Fee Detail,Small Business,New Business,271039-01,"KIM, KYUNGHEE",1781668,Clearvue Dentistry PLLC,Med,08/01/2026,$422.32 ,$422.32 ,2,V,TX,PEPM,$100.00 ,100%,FEE,Level Funded,$200.00 ,$200.00 ,$200.00 ,,0
271038,"EVERGREEN F & I SERVICES, INC.",08/05/2026,08/18/2026,Base Commission And Service Fee Detail,Small Business,New Business,271039-01,"KIM, KYUNGHEE",1763701,KS Products Inc.,Med,08/01/2026,$147.44 ,$147.44 ,2,V,TX,PEPM,$50.00 ,100%,FEE,Level Funded,$100.00 ,$100.00 ,$100.00 ,,0
271038,"EVERGREEN F & I SERVICES, INC.",08/05/2026,08/18/2026,Base Commission And Service Fee Detail,Small Business,Renewal,271039-01,"KIM, KYUNGHEE",1600785,"Beautiful works, Inc",Med,08/01/2026,"$1,486.79 ","$1,486.79 ",1,V,TX,POP,4.25%,100%,COMM,Commercial,,,$63.19 ,,0
271038,"EVERGREEN F & I SERVICES, INC.",08/05/2026,08/18/2026,Base Commission And Service Fee Detail,Small Business,Renewal,271039-01,"KIM, KYUNGHEE",1742536,KWONSTAR INC,Med,08/01/2026,$284.88 ,$284.88 ,2,V,TX,PEPM,$50.00 ,100%,FEE,Level Funded,$100.00 ,$100.00 ,$100.00 ,,0
271038,"EVERGREEN F & I SERVICES, INC.",08/05/2026,08/18/2026,Base Commission And Service Fee Detail,Small Business,Renewal,271039-01,"KIM, KYUNGHEE",1740641,Legacy Investment Advisors LLC,Med,08/01/2026,$735.52 ,$735.52 ,6,V,TX,PEPM,$50.00 ,100%,FEE,Level Funded,$300.00 ,$300.00 ,$300.00 ,,0
271038,"EVERGREEN F & I SERVICES, INC.",08/05/2026,08/18/2026,Base Commission And Service Fee Detail,Small Business,Renewal,271039-01,"KIM, KYUNGHEE",1740641,Legacy Investment Advisors LLC,Med,08/01/2026,$345.65 ,$345.65 ,5,V,TX,PEPM,$50.00 ,100%,FEE,Level Funded,$250.00 ,$250.00 ,$250.00 ,,0
271038,"EVERGREEN F & I SERVICES, INC.",08/05/2026,08/18/2026,Base Commission And Service Fee Detail,Small Business,Renewal,271039-01,"KIM, KYUNGHEE",1740641,Legacy Investment Advisors LLC,Den,08/01/2026,$469.68 ,$469.68 ,5,V,TX,POP,10.00%,100%,COMM,Commercial,,,$46.97 ,,0
271038,"EVERGREEN F & I SERVICES, INC.",08/05/2026,08/18/2026,Base Commission And Service Fee Detail,Small Business,Renewal,271039-01,"KIM, KYUNGHEE",1740641,Legacy Investment Advisors LLC,Den,08/01/2026,$100.72 ,$100.72 ,2,V,TX,POP,10.00%,100%,COMM,Commercial,,,$10.07 ,,0
271038,"EVERGREEN F & I SERVICES, INC.",08/05/2026,08/18/2026,Base Commission And Service Fee Detail,Small Business,Renewal,271039-01,"KIM, KYUNGHEE",1740641,Legacy Investment Advisors LLC,Vis,08/01/2026,$132.97 ,$132.97 ,5,V,TX,POP,10.00%,100%,COMM,Commercial,,,$13.30 ,,0
271038,"EVERGREEN F & I SERVICES, INC.",08/05/2026,08/18/2026,Base Commission And Service Fee Detail,Small Business,Renewal,271039-01,"KIM, KYUNGHEE",1740641,Legacy Investment Advisors LLC,Vis,08/01/2026,$14.35 ,$14.35 ,1,V,TX,POP,10.00%,100%,COMM,Commercial,,,$1.44 ,,0